{
  "parent": "minecraft:item/generated",
  "textures": {
    "layer0": "minecraft:item/diamond_hoe"
  },
  "overrides": [
    {
        "predicate": {
            "custom_model_data": 1
        },
        "model": "rozea:item/hammer_wood"
    },
    {
        "predicate": {
            "custom_model_data": 2
        },
        "model": "rozea:item/hammer_stone"
    },
    {
        "predicate": {
            "custom_model_data": 3
        },
        "model": "rozea:item/hammer_iron"
    },
    {
        "predicate": {
            "custom_model_data": 4
        },
        "model": "rozea:item/hammer_gold"
    },
    {
        "predicate": {
            "custom_model_data": 5
        },
        "model": "rozea:item/hammer_diamond"
    },
    {
        "predicate": {
            "custom_model_data": 6
        },
        "model": "rozea:item/hammer_netherite"
    }
  ]
}
