{
  "model": {
    "type": "minecraft:range_dispatch",
    "property": "minecraft:custom_model_data",
    "index": 0,
    "fallback": {
      "type": "minecraft:model",
      "model": "minecraft:item/diamond_hoe"
    },
    "entries": [
      {
        "threshold": 1.0,
        "model": {
          "type": "minecraft:model",
          "model": "rozea:item/hammer_wood"
        }
      },
      {
        "threshold": 2.0,
        "model": {
          "type": "minecraft:model",
          "model": "rozea:item/hammer_stone"
        }
      },
      {
        "threshold": 3.0,
        "model": {
          "type": "minecraft:model",
          "model": "rozea:item/hammer_iron"
        }
      },
      {
        "threshold": 4.0,
        "model": {
          "type": "minecraft:model",
          "model": "rozea:item/hammer_gold"
        }
      },
      {
        "threshold": 5.0,
        "model": {
          "type": "minecraft:model",
          "model": "rozea:item/hammer_diamond"
        }
      },
      {
        "threshold": 6.0,
        "model": {
          "type": "minecraft:model",
          "model": "rozea:item/hammer_netherite"
        }
      }
    ]
  }
}
